Date,Location,New_Cases,New_Deaths,Total_Cases,Total_Deaths
25-02-2020,Afghanistan,,,1,
26-02-2020,Afghanistan,0,,1,
27-02-2020,Afghanistan,0,,1,
28-02-2020,Afghanistan,0,,1,
29-02-2020,Afghanistan,0,,1,
01-03-2020,Afghanistan,0,,1,
02-03-2020,Afghanistan,0,,1,
03-03-2020,Afghanistan,0,,1,
04-03-2020,Afghanistan,0,,1,
05-03-2020,Afghanistan,0,,1,
06-03-2020,Afghanistan,0,,1,
07-03-2020,Afghanistan,0,,1,
08-03-2020,Afghanistan,3,,4,
09-03-2020,Afghanistan,0,,4,
10-03-2020,Afghanistan,0,,4,
11-03-2020,Afghanistan,0,,4,
09-03-2020,Albania,,,2,
10-03-2020,Albania,0,,2,
11-03-2020,Albania,8,,10,
26-02-2020,Algeria,,,1,
27-02-2020,Algeria,0,,1,
28-02-2020,Algeria,0,,1,
29-02-2020,Algeria,0,,1,
01-03-2020,Algeria,0,,1,
02-03-2020,Algeria,0,,1,
03-03-2020,Algeria,4,,5,
04-03-2020,Algeria,0,,5,
05-03-2020,Algeria,7,,12,
06-03-2020,Algeria,0,,12,
07-03-2020,Algeria,5,,17,
08-03-2020,Algeria,0,,17,
09-03-2020,Algeria,3,,20,
10-03-2020,Algeria,0,,20,
11-03-2020,Algeria,0,,20,
03-03-2020,Andorra,,,1,
04-03-2020,Andorra,0,,1,
05-03-2020,Andorra,0,,1,
06-03-2020,Andorra,0,,1,
07-03-2020,Andorra,0,,1,
08-03-2020,Andorra,0,,1,
09-03-2020,Andorra,0,,1,
10-03-2020,Andorra,0,,1,
11-03-2020,Andorra,0,,1,
04-03-2020,Argentina,,,1,
05-03-2020,Argentina,0,,1,
06-03-2020,Argentina,0,,1,
07-03-2020,Argentina,1,,2,
08-03-2020,Argentina,7,,9,1
09-03-2020,Argentina,3,0,12,1
10-03-2020,Argentina,0,0,12,1
11-03-2020,Argentina,5,0,17,1
02-03-2020,Armenia,,,1,
03-03-2020,Armenia,0,,1,
04-03-2020,Armenia,0,,1,
05-03-2020,Armenia,0,,1,
06-03-2020,Armenia,0,,1,
07-03-2020,Armenia,0,,1,
08-03-2020,Armenia,0,,1,
09-03-2020,Armenia,0,,1,
10-03-2020,Armenia,0,,1,
11-03-2020,Armenia,0,,1,
25-01-2020,Australia,,,3,
26-01-2020,Australia,1,,4,
27-01-2020,Australia,0,,4,
28-01-2020,Australia,1,,5,
29-01-2020,Australia,2,,7,
30-01-2020,Australia,0,,7,
31-01-2020,Australia,2,,9,
01-02-2020,Australia,3,,12,
02-02-2020,Australia,0,,12,
03-02-2020,Australia,0,,12,
04-02-2020,Australia,0,,12,
05-02-2020,Australia,1,,13,
06-02-2020,Australia,1,,14,
07-02-2020,Australia,1,,15,
08-02-2020,Australia,0,,15,
09-02-2020,Australia,0,,15,
10-02-2020,Australia,0,,15,
11-02-2020,Australia,0,,15,
12-02-2020,Australia,0,,15,
13-02-2020,Australia,0,,15,
14-02-2020,Australia,0,,15,
15-02-2020,Australia,0,,15,
16-02-2020,Australia,0,,15,
17-02-2020,Australia,0,,15,
18-02-2020,Australia,0,,15,
19-02-2020,Australia,0,,15,
20-02-2020,Australia,0,,15,
21-02-2020,Australia,2,,17,
22-02-2020,Australia,4,,21,
23-02-2020,Australia,1,,22,
24-02-2020,Australia,0,,22,
25-02-2020,Australia,0,,22,
26-02-2020,Australia,1,,23,
27-02-2020,Australia,0,,23,
28-02-2020,Australia,0,,23,
29-02-2020,Australia,1,,24,
01-03-2020,Australia,1,,25,
02-03-2020,Australia,2,,27,1
03-03-2020,Australia,6,0,33,1
04-03-2020,Australia,10,0,43,1
05-03-2020,Australia,14,0,57,1
06-03-2020,Australia,0,1,57,2
07-03-2020,Australia,5,0,62,2
08-03-2020,Australia,12,1,74,3
09-03-2020,Australia,3,0,77,3
10-03-2020,Australia,15,0,92,3
11-03-2020,Australia,20,0,112,3
26-02-2020,Austria,,,2,
27-02-2020,Austria,0,,2,
28-02-2020,Austria,2,,4,
29-02-2020,Austria,1,,5,
01-03-2020,Austria,5,,10,
02-03-2020,Austria,0,,10,
03-03-2020,Austria,8,,18,
04-03-2020,Austria,6,,24,
05-03-2020,Austria,13,,37,
06-03-2020,Austria,10,,47,
07-03-2020,Austria,19,,66,
08-03-2020,Austria,38,,104,
09-03-2020,Austria,8,,112,
10-03-2020,Austria,19,,131,
11-03-2020,Austria,51,,182,
01-03-2020,Azerbaijan,,,3,
02-03-2020,Azerbaijan,0,,3,
03-03-2020,Azerbaijan,0,,3,
04-03-2020,Azerbaijan,0,,3,
05-03-2020,Azerbaijan,0,,3,
06-03-2020,Azerbaijan,0,,3,
07-03-2020,Azerbaijan,6,,9,
08-03-2020,Azerbaijan,0,,9,
09-03-2020,Azerbaijan,0,,9,
10-03-2020,Azerbaijan,0,,9,
11-03-2020,Azerbaijan,0,,9,
25-02-2020,Bahrain,,,8,
26-02-2020,Bahrain,18,,26,
27-02-2020,Bahrain,7,,33,
28-02-2020,Bahrain,0,,33,
29-02-2020,Bahrain,5,,38,
01-03-2020,Bahrain,2,,40,
02-03-2020,Bahrain,7,,47,
03-03-2020,Bahrain,2,,49,
04-03-2020,Bahrain,0,,49,
05-03-2020,Bahrain,0,,49,
06-03-2020,Bahrain,0,,49,
07-03-2020,Bahrain,0,,49,
08-03-2020,Bahrain,7,,56,
09-03-2020,Bahrain,23,,79,
10-03-2020,Bahrain,30,,109,
11-03-2020,Bahrain,1,,110,
09-03-2020,Bangladesh,,,3,
10-03-2020,Bangladesh,0,,3,
11-03-2020,Bangladesh,0,,3,
28-02-2020,Belarus,,,1,
29-02-2020,Belarus,0,,1,
01-03-2020,Belarus,0,,1,
02-03-2020,Belarus,0,,1,
03-03-2020,Belarus,0,,1,
04-03-2020,Belarus,0,,1,
05-03-2020,Belarus,5,,6,
06-03-2020,Belarus,0,,6,
07-03-2020,Belarus,0,,6,
08-03-2020,Belarus,0,,6,
09-03-2020,Belarus,0,,6,
10-03-2020,Belarus,0,,6,
11-03-2020,Belarus,3,,9,
05-02-2020,Belgium,,,1,
06-02-2020,Belgium,0,,1,
07-02-2020,Belgium,0,,1,
08-02-2020,Belgium,0,,1,
09-02-2020,Belgium,0,,1,
10-02-2020,Belgium,0,,1,
11-02-2020,Belgium,0,,1,
12-02-2020,Belgium,0,,1,
13-02-2020,Belgium,0,,1,
14-02-2020,Belgium,0,,1,
15-02-2020,Belgium,0,,1,
16-02-2020,Belgium,0,,1,
17-02-2020,Belgium,0,,1,
18-02-2020,Belgium,0,,1,
19-02-2020,Belgium,0,,1,
20-02-2020,Belgium,0,,1,
21-02-2020,Belgium,0,,1,
22-02-2020,Belgium,0,,1,
23-02-2020,Belgium,0,,1,
24-02-2020,Belgium,0,,1,
25-02-2020,Belgium,0,,1,
26-02-2020,Belgium,0,,1,
27-02-2020,Belgium,0,,1,
28-02-2020,Belgium,0,,1,
29-02-2020,Belgium,0,,1,
01-03-2020,Belgium,0,,1,
02-03-2020,Belgium,0,,1,
03-03-2020,Belgium,7,,8,
04-03-2020,Belgium,0,,8,
05-03-2020,Belgium,15,,23,
06-03-2020,Belgium,27,,50,
07-03-2020,Belgium,59,,109,
08-03-2020,Belgium,60,,169,
09-03-2020,Belgium,31,,200,
10-03-2020,Belgium,39,,239,
11-03-2020,Belgium,28,,267,
06-03-2020,Bhutan,,,1,
07-03-2020,Bhutan,0,,1,
08-03-2020,Bhutan,0,,1,
09-03-2020,Bhutan,0,,1,
10-03-2020,Bhutan,0,,1,
11-03-2020,Bhutan,0,,1,
11-03-2020,Bolivia (Plurinational State of),,,2,
05-03-2020,Bosnia and Herzegovina,,,2,
06-03-2020,Bosnia and Herzegovina,0,,2,
07-03-2020,Bosnia and Herzegovina,0,,2,
08-03-2020,Bosnia and Herzegovina,0,,2,
09-03-2020,Bosnia and Herzegovina,0,,2,
10-03-2020,Bosnia and Herzegovina,0,,2,
11-03-2020,Bosnia and Herzegovina,2,,4,
27-02-2020,Brazil,,,1,
28-02-2020,Brazil,0,,1,
29-02-2020,Brazil,0,,1,
01-03-2020,Brazil,1,,2,
02-03-2020,Brazil,0,,2,
03-03-2020,Brazil,0,,2,
04-03-2020,Brazil,0,,2,
05-03-2020,Brazil,1,,3,
06-03-2020,Brazil,4,,7,
07-03-2020,Brazil,6,,13,
08-03-2020,Brazil,6,,19,
09-03-2020,Brazil,6,,25,
10-03-2020,Brazil,0,,25,
11-03-2020,Brazil,9,,34,
10-03-2020,Brunei Darussalam,,,1,
11-03-2020,Brunei Darussalam,0,,1,
08-03-2020,Bulgaria,,,2,
09-03-2020,Bulgaria,2,,4,
10-03-2020,Bulgaria,0,,4,
11-03-2020,Bulgaria,6,,10,
11-03-2020,Burkina Faso,,,2,
28-01-2020,Cambodia,,,1,
29-01-2020,Cambodia,0,,1,
30-01-2020,Cambodia,0,,1,
31-01-2020,Cambodia,0,,1,
01-02-2020,Cambodia,0,,1,
02-02-2020,Cambodia,0,,1,
03-02-2020,Cambodia,0,,1,
04-02-2020,Cambodia,0,,1,
05-02-2020,Cambodia,0,,1,
06-02-2020,Cambodia,0,,1,
07-02-2020,Cambodia,0,,1,
08-02-2020,Cambodia,0,,1,
09-02-2020,Cambodia,0,,1,
10-02-2020,Cambodia,0,,1,
11-02-2020,Cambodia,0,,1,
12-02-2020,Cambodia,0,,1,
13-02-2020,Cambodia,0,,1,
14-02-2020,Cambodia,0,,1,
15-02-2020,Cambodia,0,,1,
16-02-2020,Cambodia,0,,1,
17-02-2020,Cambodia,0,,1,
18-02-2020,Cambodia,0,,1,
19-02-2020,Cambodia,0,,1,
20-02-2020,Cambodia,0,,1,
21-02-2020,Cambodia,0,,1,
22-02-2020,Cambodia,0,,1,
23-02-2020,Cambodia,0,,1,
24-02-2020,Cambodia,0,,1,
25-02-2020,Cambodia,0,,1,
26-02-2020,Cambodia,0,,1,
27-02-2020,Cambodia,0,,1,
28-02-2020,Cambodia,0,,1,
29-02-2020,Cambodia,0,,1,
01-03-2020,Cambodia,0,,1,
02-03-2020,Cambodia,0,,1,
03-03-2020,Cambodia,0,,1,
04-03-2020,Cambodia,0,,1,
05-03-2020,Cambodia,0,,1,
06-03-2020,Cambodia,0,,1,
07-03-2020,Cambodia,0,,1,
08-03-2020,Cambodia,1,,2,
09-03-2020,Cambodia,0,,2,
10-03-2020,Cambodia,0,,2,
11-03-2020,Cambodia,1,,3,
06-03-2020,Cameroon,,,1,
07-03-2020,Cameroon,1,,2,
08-03-2020,Cameroon,0,,2,
09-03-2020,Cameroon,0,,2,
10-03-2020,Cameroon,0,,2,
11-03-2020,Cameroon,0,,2,
27-01-2020,Canada,,,1,
28-01-2020,Canada,1,,2,
29-01-2020,Canada,1,,3,
30-01-2020,Canada,0,,3,
31-01-2020,Canada,0,,3,
01-02-2020,Canada,1,,4,
02-02-2020,Canada,0,,4,
03-02-2020,Canada,0,,4,
04-02-2020,Canada,0,,4,
05-02-2020,Canada,1,,5,
06-02-2020,Canada,0,,5,
07-02-2020,Canada,2,,7,
08-02-2020,Canada,0,,7,
09-02-2020,Canada,0,,7,
10-02-2020,Canada,0,,7,
11-02-2020,Canada,0,,7,
12-02-2020,Canada,0,,7,
13-02-2020,Canada,0,,7,
14-02-2020,Canada,0,,7,
15-02-2020,Canada,0,,7,
16-02-2020,Canada,0,,7,
17-02-2020,Canada,0,,7,
18-02-2020,Canada,1,,8,
19-02-2020,Canada,0,,8,
20-02-2020,Canada,0,,8,
21-02-2020,Canada,0,,8,
22-02-2020,Canada,0,,8,
23-02-2020,Canada,1,,9,
24-02-2020,Canada,0,,9,
25-02-2020,Canada,1,,10,
26-02-2020,Canada,0,,10,
27-02-2020,Canada,1,,11,
28-02-2020,Canada,0,,11,
29-02-2020,Canada,3,,14,
01-03-2020,Canada,5,,19,
02-03-2020,Canada,0,,19,
03-03-2020,Canada,8,,27,
04-03-2020,Canada,3,,30,
05-03-2020,Canada,0,,30,
06-03-2020,Canada,15,,45,
07-03-2020,Canada,6,,51,
08-03-2020,Canada,6,,57,
09-03-2020,Canada,5,,62,
10-03-2020,Canada,15,,77,
11-03-2020,Canada,16,,93,1
04-03-2020,Chile,,,1,
05-03-2020,Chile,0,,1,
06-03-2020,Chile,0,,1,
07-03-2020,Chile,4,,5,
08-03-2020,Chile,0,,5,
09-03-2020,Chile,5,,10,
10-03-2020,Chile,3,,13,
11-03-2020,Chile,4,,17,
21-01-2020,China,,,278,6
22-01-2020,China,32,0,310,6
23-01-2020,China,264,11,574,17
24-01-2020,China,261,8,835,25
25-01-2020,China,462,16,1297,41
26-01-2020,China,688,15,1985,56
27-01-2020,China,776,24,2761,80
28-01-2020,China,1776,26,4537,106
29-01-2020,China,1460,26,5997,132
30-01-2020,China,1739,38,7736,170
31-01-2020,China,1984,43,9720,213
01-02-2020,China,2101,46,11821,259
02-02-2020,China,2590,45,14411,304
03-02-2020,China,2827,57,17238,361
04-02-2020,China,3233,64,20471,425
05-02-2020,China,3892,66,24363,491
06-02-2020,China,3697,73,28060,564
07-02-2020,China,3151,73,31211,637
08-02-2020,China,3387,86,34598,723
09-02-2020,China,2653,89,37251,812
10-02-2020,China,2984,97,40235,909
11-02-2020,China,2473,108,42708,1017
12-02-2020,China,2022,97,44730,1114
13-02-2020,China,1820,254,46550,1368
14-02-2020,China,1998,13,48548,1381
15-02-2020,China,1506,143,50054,1524
16-02-2020,China,1120,142,51174,1666
17-02-2020,China,19461,106,70635,1772
18-02-2020,China,1893,98,72528,1870
19-02-2020,China,1752,136,74280,2006
20-02-2020,China,395,115,74675,2121
21-02-2020,China,894,118,75569,2239
22-02-2020,China,823,109,76392,2348
23-02-2020,China,650,97,77042,2445
24-02-2020,China,220,150,77262,2595
25-02-2020,China,518,71,77780,2666
26-02-2020,China,411,52,78191,2718
27-02-2020,China,439,29,78630,2747
28-02-2020,China,331,44,78961,2791
29-02-2020,China,433,47,79394,2838
01-03-2020,China,574,35,79968,2873
02-03-2020,China,206,42,80174,2915
03-03-2020,China,130,31,80304,2946
04-03-2020,China,118,38,80422,2984
05-03-2020,China,143,31,80565,3015
06-03-2020,China,146,30,80711,3045
07-03-2020,China,102,28,80813,3073
08-03-2020,China,46,27,80859,3100
09-03-2020,China,45,23,80904,3123
10-03-2020,China,20,17,80924,3140
11-03-2020,China,31,22,80955,3162
07-03-2020,Colombia,,,1,
08-03-2020,Colombia,0,,1,
09-03-2020,Colombia,0,,1,
10-03-2020,Colombia,2,,3,
11-03-2020,Colombia,0,,3,
08-03-2020,Costa Rica,,,5,
09-03-2020,Costa Rica,4,,9,
10-03-2020,Costa Rica,0,,9,
11-03-2020,Costa Rica,4,,13,
26-02-2020,Croatia,,,2,
27-02-2020,Croatia,1,,3,
28-02-2020,Croatia,0,,3,
29-02-2020,Croatia,2,,5,
01-03-2020,Croatia,2,,7,
02-03-2020,Croatia,0,,7,
03-03-2020,Croatia,1,,8,
04-03-2020,Croatia,1,,9,
05-03-2020,Croatia,0,,9,
06-03-2020,Croatia,1,,10,
07-03-2020,Croatia,1,,11,
08-03-2020,Croatia,0,,11,
09-03-2020,Croatia,0,,11,
10-03-2020,Croatia,1,,12,
11-03-2020,Croatia,4,,16,
10-03-2020,Cyprus,,,2,
11-03-2020,Cyprus,0,,2,
02-03-2020,Czechia,,,3,
03-03-2020,Czechia,0,,3,
04-03-2020,Czechia,2,,5,
05-03-2020,Czechia,0,,5,
06-03-2020,Czechia,7,,12,
07-03-2020,Czechia,0,,12,
08-03-2020,Czechia,14,,26,
09-03-2020,Czechia,6,,32,
10-03-2020,Czechia,6,,38,
11-03-2020,Czechia,23,,61,
11-03-2020,Democratic Republic of the Congo,,,1,
27-02-2020,Denmark,,,1,
28-02-2020,Denmark,0,,1,
29-02-2020,Denmark,1,,2,
01-03-2020,Denmark,1,,3,
02-03-2020,Denmark,1,,4,
03-03-2020,Denmark,1,,5,
04-03-2020,Denmark,3,,8,
05-03-2020,Denmark,2,,10,
06-03-2020,Denmark,8,,18,
07-03-2020,Denmark,5,,23,
08-03-2020,Denmark,8,,31,
09-03-2020,Denmark,5,,36,
10-03-2020,Denmark,54,,90,
11-03-2020,Denmark,172,,262,
02-03-2020,Dominican Republic,,,1,
03-03-2020,Dominican Republic,0,,1,
04-03-2020,Dominican Republic,0,,1,
05-03-2020,Dominican Republic,0,,1,
06-03-2020,Dominican Republic,0,,1,
07-03-2020,Dominican Republic,0,,1,
08-03-2020,Dominican Republic,0,,1,
09-03-2020,Dominican Republic,0,,1,
10-03-2020,Dominican Republic,4,,5,
11-03-2020,Dominican Republic,0,,5,
01-03-2020,Ecuador,,,1,
02-03-2020,Ecuador,0,,1,
03-03-2020,Ecuador,5,,6,
04-03-2020,Ecuador,1,,7,
05-03-2020,Ecuador,0,,7,
06-03-2020,Ecuador,6,,13,
07-03-2020,Ecuador,1,,14,
08-03-2020,Ecuador,0,,14,
09-03-2020,Ecuador,1,,15,
10-03-2020,Ecuador,0,,15,
11-03-2020,Ecuador,0,,15,
15-02-2020,Egypt,,,1,
16-02-2020,Egypt,0,,1,
17-02-2020,Egypt,0,,1,
18-02-2020,Egypt,0,,1,
19-02-2020,Egypt,0,,1,
20-02-2020,Egypt,0,,1,
21-02-2020,Egypt,0,,1,
22-02-2020,Egypt,0,,1,
23-02-2020,Egypt,0,,1,
24-02-2020,Egypt,0,,1,
25-02-2020,Egypt,0,,1,
26-02-2020,Egypt,0,,1,
27-02-2020,Egypt,0,,1,
28-02-2020,Egypt,0,,1,
29-02-2020,Egypt,0,,1,
01-03-2020,Egypt,0,,1,
02-03-2020,Egypt,1,,2,
03-03-2020,Egypt,0,,2,
04-03-2020,Egypt,0,,2,
05-03-2020,Egypt,0,,2,
06-03-2020,Egypt,1,,3,
07-03-2020,Egypt,0,,3,
08-03-2020,Egypt,45,,48,
09-03-2020,Egypt,7,,55,1
10-03-2020,Egypt,4,0,59,1
11-03-2020,Egypt,0,0,59,1
27-02-2020,Estonia,,,1,
28-02-2020,Estonia,0,,1,
29-02-2020,Estonia,0,,1,
01-03-2020,Estonia,0,,1,
02-03-2020,Estonia,0,,1,
03-03-2020,Estonia,0,,1,
04-03-2020,Estonia,1,,2,
05-03-2020,Estonia,0,,2,
06-03-2020,Estonia,1,,3,
07-03-2020,Estonia,7,,10,
08-03-2020,Estonia,0,,10,
09-03-2020,Estonia,0,,10,
10-03-2020,Estonia,0,,10,
11-03-2020,Estonia,3,,13,
08-03-2020,Faroe Islands,,,1,
09-03-2020,Faroe Islands,1,,2,
10-03-2020,Faroe Islands,0,,2,
11-03-2020,Faroe Islands,0,,2,
30-01-2020,Finland,,,1,
31-01-2020,Finland,0,,1,
01-02-2020,Finland,0,,1,
02-02-2020,Finland,0,,1,
03-02-2020,Finland,0,,1,
04-02-2020,Finland,0,,1,
05-02-2020,Finland,0,,1,
06-02-2020,Finland,0,,1,
07-02-2020,Finland,0,,1,
08-02-2020,Finland,0,,1,
09-02-2020,Finland,0,,1,
10-02-2020,Finland,0,,1,
11-02-2020,Finland,0,,1,
12-02-2020,Finland,0,,1,
13-02-2020,Finland,0,,1,
14-02-2020,Finland,0,,1,
15-02-2020,Finland,0,,1,
16-02-2020,Finland,0,,1,
17-02-2020,Finland,0,,1,
18-02-2020,Finland,0,,1,
19-02-2020,Finland,0,,1,
20-02-2020,Finland,0,,1,
21-02-2020,Finland,0,,1,
22-02-2020,Finland,0,,1,
23-02-2020,Finland,0,,1,
24-02-2020,Finland,0,,1,
25-02-2020,Finland,0,,1,
26-02-2020,Finland,0,,1,
27-02-2020,Finland,1,,2,
28-02-2020,Finland,0,,2,
29-02-2020,Finland,0,,2,
01-03-2020,Finland,0,,2,
02-03-2020,Finland,4,,6,
03-03-2020,Finland,1,,7,
04-03-2020,Finland,0,,7,
05-03-2020,Finland,0,,7,
06-03-2020,Finland,5,,12,
07-03-2020,Finland,7,,19,
08-03-2020,Finland,0,,19,
09-03-2020,Finland,11,,30,
10-03-2020,Finland,10,,40,
11-03-2020,Finland,0,,40,
25-01-2020,France,,,3,
26-01-2020,France,0,,3,
27-01-2020,France,0,,3,
28-01-2020,France,0,,3,
29-01-2020,France,1,,4,
30-01-2020,France,1,,5,
31-01-2020,France,1,,6,
01-02-2020,France,0,,6,
02-02-2020,France,0,,6,
03-02-2020,France,0,,6,
04-02-2020,France,0,,6,
05-02-2020,France,0,,6,
06-02-2020,France,0,,6,
07-02-2020,France,0,,6,
08-02-2020,France,0,,6,
09-02-2020,France,5,,11,
10-02-2020,France,0,,11,
11-02-2020,France,0,,11,
12-02-2020,France,0,,11,
13-02-2020,France,0,,11,
14-02-2020,France,0,,11,
15-02-2020,France,0,,11,
16-02-2020,France,1,,12,1
17-02-2020,France,0,0,12,1
18-02-2020,France,0,0,12,1
19-02-2020,France,0,0,12,1
20-02-2020,France,0,0,12,1
21-02-2020,France,0,0,12,1
22-02-2020,France,0,0,12,1
23-02-2020,France,0,0,12,1
24-02-2020,France,0,0,12,1
25-02-2020,France,0,0,12,1
26-02-2020,France,0,0,12,1
27-02-2020,France,6,1,18,2
28-02-2020,France,20,0,38,2
29-02-2020,France,19,0,57,2
01-03-2020,France,43,0,100,2
02-03-2020,France,0,0,100,2
03-03-2020,France,91,1,191,3
04-03-2020,France,21,1,212,4
05-03-2020,France,70,0,282,4
06-03-2020,France,138,2,420,6
07-03-2020,France,193,3,613,9
08-03-2020,France,93,1,706,10
09-03-2020,France,410,9,1116,19
10-03-2020,France,286,11,1402,30
11-03-2020,France,372,3,1774,33
08-03-2020,French Guiana,,,5,
09-03-2020,French Guiana,0,,5,
10-03-2020,French Guiana,0,,5,
11-03-2020,French Guiana,0,,5,
27-02-2020,Georgia,,,1,
28-02-2020,Georgia,0,,1,
29-02-2020,Georgia,1,,2,
01-03-2020,Georgia,1,,3,
02-03-2020,Georgia,0,,3,
03-03-2020,Georgia,0,,3,
04-03-2020,Georgia,0,,3,
05-03-2020,Georgia,0,,3,
06-03-2020,Georgia,6,,9,
07-03-2020,Georgia,0,,9,
08-03-2020,Georgia,3,,12,
09-03-2020,Georgia,1,,13,
10-03-2020,Georgia,2,,15,
11-03-2020,Georgia,8,,23,
28-01-2020,Germany,,,1,
29-01-2020,Germany,3,,4,
30-01-2020,Germany,0,,4,
31-01-2020,Germany,1,,5,
01-02-2020,Germany,2,,7,
02-02-2020,Germany,1,,8,
03-02-2020,Germany,2,,10,
04-02-2020,Germany,2,,12,
05-02-2020,Germany,0,,12,
06-02-2020,Germany,0,,12,
07-02-2020,Germany,1,,13,
08-02-2020,Germany,1,,14,
09-02-2020,Germany,0,,14,
10-02-2020,Germany,0,,14,
11-02-2020,Germany,0,,14,
12-02-2020,Germany,2,,16,
13-02-2020,Germany,0,,16,
14-02-2020,Germany,0,,16,
15-02-2020,Germany,0,,16,
16-02-2020,Germany,0,,16,
17-02-2020,Germany,0,,16,
18-02-2020,Germany,0,,16,
19-02-2020,Germany,0,,16,
20-02-2020,Germany,0,,16,
21-02-2020,Germany,0,,16,
22-02-2020,Germany,0,,16,
23-02-2020,Germany,0,,16,
24-02-2020,Germany,0,,16,
25-02-2020,Germany,0,,16,
26-02-2020,Germany,2,,18,
27-02-2020,Germany,3,,21,
28-02-2020,Germany,5,,26,
29-02-2020,Germany,31,,57,
01-03-2020,Germany,0,,57,
02-03-2020,Germany,72,,129,
03-03-2020,Germany,28,,157,
04-03-2020,Germany,39,,196,
05-03-2020,Germany,66,,262,
06-03-2020,Germany,272,,534,
07-03-2020,Germany,105,,639,
08-03-2020,Germany,156,,795,
09-03-2020,Germany,317,,1112,
10-03-2020,Germany,27,,1139,2
11-03-2020,Germany,157,0,1296,2
05-03-2020,Gibraltar,,,1,
06-03-2020,Gibraltar,0,,1,
07-03-2020,Gibraltar,0,,1,
08-03-2020,Gibraltar,0,,1,
09-03-2020,Gibraltar,0,,1,
10-03-2020,Gibraltar,0,,1,
11-03-2020,Gibraltar,0,,1,
27-02-2020,Greece,,,1,
28-02-2020,Greece,2,,3,
29-02-2020,Greece,0,,3,
01-03-2020,Greece,0,,3,
02-03-2020,Greece,4,,7,
03-03-2020,Greece,0,,7,
04-03-2020,Greece,0,,7,
05-03-2020,Greece,2,,9,
06-03-2020,Greece,23,,32,
07-03-2020,Greece,0,,32,
08-03-2020,Greece,34,,66,
09-03-2020,Greece,7,,73,
10-03-2020,Greece,0,,73,
11-03-2020,Greece,16,,89,
10-03-2020,Guernsey,,,1,
11-03-2020,Guernsey,0,,1,
07-03-2020,Holy See,,,1,
08-03-2020,Holy See,0,,1,
09-03-2020,Holy See,0,,1,
10-03-2020,Holy See,0,,1,
11-03-2020,Holy See,0,,1,
05-03-2020,Hungary,,,2,
06-03-2020,Hungary,0,,2,
07-03-2020,Hungary,3,,5,
08-03-2020,Hungary,2,,7,
09-03-2020,Hungary,2,,9,
10-03-2020,Hungary,0,,9,
11-03-2020,Hungary,4,,13,
02-03-2020,Iceland,,,2,
03-03-2020,Iceland,7,,9,
04-03-2020,Iceland,7,,16,
05-03-2020,Iceland,10,,26,
06-03-2020,Iceland,0,,26,
07-03-2020,Iceland,19,,45,
08-03-2020,Iceland,0,,45,
09-03-2020,Iceland,10,,55,
10-03-2020,Iceland,0,,55,
11-03-2020,Iceland,6,,61,
30-01-2020,India,,,1,
31-01-2020,India,0,,1,
01-02-2020,India,0,,1,
02-02-2020,India,1,,2,
03-02-2020,India,1,,3,
04-02-2020,India,0,,3,
05-02-2020,India,0,,3,
06-02-2020,India,0,,3,
07-02-2020,India,0,,3,
08-02-2020,India,0,,3,
09-02-2020,India,0,,3,
10-02-2020,India,0,,3,
11-02-2020,India,0,,3,
12-02-2020,India,0,,3,
13-02-2020,India,0,,3,
14-02-2020,India,0,,3,
15-02-2020,India,0,,3,
16-02-2020,India,0,,3,
17-02-2020,India,0,,3,
18-02-2020,India,0,,3,
19-02-2020,India,0,,3,
20-02-2020,India,0,,3,
21-02-2020,India,0,,3,
22-02-2020,India,0,,3,
23-02-2020,India,0,,3,
24-02-2020,India,0,,3,
25-02-2020,India,0,,3,
26-02-2020,India,0,,3,
27-02-2020,India,0,,3,
28-02-2020,India,0,,3,
29-02-2020,India,0,,3,
01-03-2020,India,0,,3,
02-03-2020,India,0,,3,
03-03-2020,India,2,,5,
04-03-2020,India,1,,6,
05-03-2020,India,23,,29,
06-03-2020,India,1,,30,
07-03-2020,India,1,,31,
08-03-2020,India,3,,34,
09-03-2020,India,9,,43,
10-03-2020,India,1,,44,
11-03-2020,India,16,,60,
02-03-2020,Indonesia,,,2,
03-03-2020,Indonesia,0,,2,
04-03-2020,Indonesia,0,,2,
05-03-2020,Indonesia,0,,2,
06-03-2020,Indonesia,0,,2,
07-03-2020,Indonesia,0,,2,
08-03-2020,Indonesia,4,,6,
09-03-2020,Indonesia,0,,6,
10-03-2020,Indonesia,13,,19,
11-03-2020,Indonesia,8,,27,1
06-02-2020,International conveyance (Diamond Princess),,,20,
07-02-2020,International conveyance (Diamond Princess),41,,61,
08-02-2020,International conveyance (Diamond Princess),3,,64,
09-02-2020,International conveyance (Diamond Princess),0,,64,
10-02-2020,International conveyance (Diamond Princess),6,,70,
11-02-2020,International conveyance (Diamond Princess),65,,135,
12-02-2020,International conveyance (Diamond Princess),40,,175,
13-02-2020,International conveyance (Diamond Princess),-1,,174,
14-02-2020,International conveyance (Diamond Princess),44,,218,
15-02-2020,International conveyance (Diamond Princess),0,,218,
16-02-2020,International conveyance (Diamond Princess),137,,355,
17-02-2020,International conveyance (Diamond Princess),99,,454,
18-02-2020,International conveyance (Diamond Princess),0,,454,
19-02-2020,International conveyance (Diamond Princess),88,,542,
20-02-2020,International conveyance (Diamond Princess),79,,621,2
21-02-2020,International conveyance (Diamond Princess),13,0,634,2
22-02-2020,International conveyance (Diamond Princess),0,0,634,2
23-02-2020,International conveyance (Diamond Princess),0,1,634,3
24-02-2020,International conveyance (Diamond Princess),61,0,695,3
25-02-2020,International conveyance (Diamond Princess),-4,0,691,3
26-02-2020,International conveyance (Diamond Princess),0,0,691,3
27-02-2020,International conveyance (Diamond Princess),14,1,705,4
28-02-2020,International conveyance (Diamond Princess),0,0,705,4
29-02-2020,International conveyance (Diamond Princess),0,2,705,6
01-03-2020,International conveyance (Diamond Princess),0,0,705,6
02-03-2020,International conveyance (Diamond Princess),1,0,706,6
03-03-2020,International conveyance (Diamond Princess),0,0,706,6
04-03-2020,International conveyance (Diamond Princess),0,0,706,6
05-03-2020,International conveyance (Diamond Princess),0,0,706,6
06-03-2020,International conveyance (Diamond Princess),-10,0,696,6
07-03-2020,International conveyance (Diamond Princess),0,0,696,6
08-03-2020,International conveyance (Diamond Princess),0,1,696,7
09-03-2020,International conveyance (Diamond Princess),0,0,696,7
10-03-2020,International conveyance (Diamond Princess),0,0,696,7
11-03-2020,International conveyance (Diamond Princess),0,0,696,7
20-02-2020,Iran,,,2,2
21-02-2020,Iran,3,0,5,2
22-02-2020,Iran,13,2,18,4
23-02-2020,Iran,10,1,28,5
24-02-2020,Iran,15,3,43,8
25-02-2020,Iran,18,4,61,12
26-02-2020,Iran,34,3,95,15
27-02-2020,Iran,46,7,141,22
28-02-2020,Iran,104,4,245,26
29-02-2020,Iran,143,8,388,34
01-03-2020,Iran,205,9,593,43
02-03-2020,Iran,385,11,978,54
03-03-2020,Iran,523,12,1501,66
04-03-2020,Iran,835,11,2336,77
05-03-2020,Iran,586,15,2922,92
06-03-2020,Iran,591,15,3513,107
07-03-2020,Iran,1234,17,4747,124
08-03-2020,Iran,1076,21,5823,145
09-03-2020,Iran,743,49,6566,194
10-03-2020,Iran,595,43,7161,237
11-03-2020,Iran,881,54,8042,291
25-02-2020,Iraq,,,1,
26-02-2020,Iraq,4,,5,
27-02-2020,Iraq,1,,6,
28-02-2020,Iraq,1,,7,
29-02-2020,Iraq,1,,8,
01-03-2020,Iraq,5,,13,
02-03-2020,Iraq,6,,19,
03-03-2020,Iraq,7,,26,
04-03-2020,Iraq,5,,31,
05-03-2020,Iraq,5,,36,2
06-03-2020,Iraq,0,0,36,2
07-03-2020,Iraq,8,2,44,4
08-03-2020,Iraq,10,0,54,4
09-03-2020,Iraq,6,2,60,6
10-03-2020,Iraq,1,0,61,6
11-03-2020,Iraq,0,0,61,6
01-03-2020,Ireland,,,1,
02-03-2020,Ireland,0,,1,
03-03-2020,Ireland,0,,1,
04-03-2020,Ireland,1,,2,
05-03-2020,Ireland,0,,2,
06-03-2020,Ireland,12,,14,
07-03-2020,Ireland,4,,18,
08-03-2020,Ireland,1,,19,
09-03-2020,Ireland,2,,21,
10-03-2020,Ireland,3,,24,
11-03-2020,Ireland,10,,34,
22-02-2020,Israel,,,1,
23-02-2020,Israel,0,,1,
24-02-2020,Israel,0,,1,
25-02-2020,Israel,1,,2,
26-02-2020,Israel,0,,2,
27-02-2020,Israel,0,,2,
28-02-2020,Israel,1,,3,
29-02-2020,Israel,2,,5,
01-03-2020,Israel,2,,7,
02-03-2020,Israel,0,,7,
03-03-2020,Israel,3,,10,
04-03-2020,Israel,2,,12,
05-03-2020,Israel,3,,15,
06-03-2020,Israel,0,,15,
07-03-2020,Israel,4,,19,
08-03-2020,Israel,6,,25,
09-03-2020,Israel,14,,39,
10-03-2020,Israel,0,,39,
11-03-2020,Israel,36,,75,
31-01-2020,Italy,,,2,
01-02-2020,Italy,0,,2,
02-02-2020,Italy,0,,2,
03-02-2020,Italy,0,,2,
04-02-2020,Italy,0,,2,
05-02-2020,Italy,0,,2,
06-02-2020,Italy,0,,2,
07-02-2020,Italy,1,,3,
08-02-2020,Italy,0,,3,
09-02-2020,Italy,0,,3,
10-02-2020,Italy,0,,3,
11-02-2020,Italy,0,,3,
12-02-2020,Italy,0,,3,
13-02-2020,Italy,0,,3,
14-02-2020,Italy,0,,3,
15-02-2020,Italy,0,,3,
16-02-2020,Italy,0,,3,
17-02-2020,Italy,0,,3,
18-02-2020,Italy,0,,3,
19-02-2020,Italy,0,,3,
20-02-2020,Italy,0,,3,
21-02-2020,Italy,0,,3,
22-02-2020,Italy,6,,9,
23-02-2020,Italy,67,,76,2
24-02-2020,Italy,48,0,124,2
25-02-2020,Italy,105,4,229,6
26-02-2020,Italy,93,5,322,11
27-02-2020,Italy,78,1,400,12
28-02-2020,Italy,250,5,650,17
29-02-2020,Italy,238,4,888,21
01-03-2020,Italy,240,8,1128,29
02-03-2020,Italy,561,6,1689,35
03-03-2020,Italy,347,17,2036,52
04-03-2020,Italy,466,28,2502,80
05-03-2020,Italy,587,27,3089,107
06-03-2020,Italy,769,41,3858,148
07-03-2020,Italy,778,49,4636,197
08-03-2020,Italy,1247,37,5883,234
09-03-2020,Italy,1492,132,7375,366
10-03-2020,Italy,1797,97,9172,463
11-03-2020,Italy,977,168,10149,631
11-03-2020,Jamaica,,,1,
21-01-2020,Japan,,,1,
22-01-2020,Japan,0,,1,
23-01-2020,Japan,0,,1,
24-01-2020,Japan,0,,1,
25-01-2020,Japan,2,,3,
26-01-2020,Japan,0,,3,
27-01-2020,Japan,1,,4,
28-01-2020,Japan,2,,6,
29-01-2020,Japan,1,,7,
30-01-2020,Japan,4,,11,
31-01-2020,Japan,3,,14,
01-02-2020,Japan,3,,17,
02-02-2020,Japan,3,,20,
03-02-2020,Japan,0,,20,
04-02-2020,Japan,0,,20,
05-02-2020,Japan,3,,23,
06-02-2020,Japan,2,,25,
07-02-2020,Japan,0,,25,
08-02-2020,Japan,0,,25,
09-02-2020,Japan,1,,26,
10-02-2020,Japan,0,,26,
11-02-2020,Japan,0,,26,
12-02-2020,Japan,2,,28,
13-02-2020,Japan,1,,29,
14-02-2020,Japan,4,,33,1
15-02-2020,Japan,8,0,41,1
16-02-2020,Japan,12,0,53,1
17-02-2020,Japan,6,0,59,1
18-02-2020,Japan,6,0,65,1
19-02-2020,Japan,8,0,73,1
20-02-2020,Japan,12,0,85,1
21-02-2020,Japan,8,0,93,1
22-02-2020,Japan,12,0,105,1
23-02-2020,Japan,27,0,132,1
24-02-2020,Japan,12,0,144,1
25-02-2020,Japan,13,0,157,1
26-02-2020,Japan,7,0,164,1
27-02-2020,Japan,22,2,186,3
28-02-2020,Japan,24,1,210,4
29-02-2020,Japan,20,1,230,5
01-03-2020,Japan,9,0,239,5
02-03-2020,Japan,15,1,254,6
03-03-2020,Japan,14,0,268,6
04-03-2020,Japan,16,0,284,6
05-03-2020,Japan,33,0,317,6
06-03-2020,Japan,32,0,349,6
07-03-2020,Japan,59,0,408,6
08-03-2020,Japan,47,0,455,6
09-03-2020,Japan,33,1,488,7
10-03-2020,Japan,26,2,514,9
11-03-2020,Japan,54,3,568,12
03-03-2020,Jordan,,,1,
04-03-2020,Jordan,0,,1,
05-03-2020,Jordan,0,,1,
06-03-2020,Jordan,0,,1,
07-03-2020,Jordan,0,,1,
08-03-2020,Jordan,0,,1,
09-03-2020,Jordan,0,,1,
10-03-2020,Jordan,0,,1,
11-03-2020,Jordan,0,,1,
24-02-2020,Kuwait,,,3,
25-02-2020,Kuwait,5,,8,
26-02-2020,Kuwait,4,,12,
27-02-2020,Kuwait,31,,43,
28-02-2020,Kuwait,0,,43,
29-02-2020,Kuwait,2,,45,
01-03-2020,Kuwait,0,,45,
02-03-2020,Kuwait,11,,56,
03-03-2020,Kuwait,0,,56,
04-03-2020,Kuwait,0,,56,
05-03-2020,Kuwait,2,,58,
06-03-2020,Kuwait,0,,58,
07-03-2020,Kuwait,0,,58,
08-03-2020,Kuwait,4,,62,
09-03-2020,Kuwait,2,,64,
10-03-2020,Kuwait,1,,65,
11-03-2020,Kuwait,4,,69,
03-03-2020,Latvia,,,1,
04-03-2020,Latvia,0,,1,
05-03-2020,Latvia,0,,1,
06-03-2020,Latvia,0,,1,
07-03-2020,Latvia,0,,1,
08-03-2020,Latvia,0,,1,
09-03-2020,Latvia,2,,3,
10-03-2020,Latvia,3,,6,
11-03-2020,Latvia,2,,8,
22-02-2020,Lebanon,,,1,
23-02-2020,Lebanon,0,,1,
24-02-2020,Lebanon,0,,1,
25-02-2020,Lebanon,0,,1,
26-02-2020,Lebanon,0,,1,
27-02-2020,Lebanon,1,,2,
28-02-2020,Lebanon,0,,2,
29-02-2020,Lebanon,0,,2,
01-03-2020,Lebanon,0,,2,
02-03-2020,Lebanon,8,,10,
03-03-2020,Lebanon,3,,13,
04-03-2020,Lebanon,0,,13,
05-03-2020,Lebanon,0,,13,
06-03-2020,Lebanon,3,,16,
07-03-2020,Lebanon,6,,22,
08-03-2020,Lebanon,6,,28,
09-03-2020,Lebanon,4,,32,
10-03-2020,Lebanon,9,,41,
11-03-2020,Lebanon,0,,41,1
05-03-2020,Liechtenstein,,,1,
06-03-2020,Liechtenstein,0,,1,
07-03-2020,Liechtenstein,0,,1,
08-03-2020,Liechtenstein,0,,1,
09-03-2020,Liechtenstein,0,,1,
10-03-2020,Liechtenstein,0,,1,
11-03-2020,Liechtenstein,0,,1,
28-02-2020,Lithuania,,,1,
29-02-2020,Lithuania,0,,1,
01-03-2020,Lithuania,0,,1,
02-03-2020,Lithuania,0,,1,
03-03-2020,Lithuania,0,,1,
04-03-2020,Lithuania,0,,1,
05-03-2020,Lithuania,0,,1,
06-03-2020,Lithuania,0,,1,
07-03-2020,Lithuania,0,,1,
08-03-2020,Lithuania,0,,1,
09-03-2020,Lithuania,0,,1,
10-03-2020,Lithuania,0,,1,
11-03-2020,Lithuania,0,,1,
02-03-2020,Luxembourg,,,1,
03-03-2020,Luxembourg,0,,1,
04-03-2020,Luxembourg,0,,1,
05-03-2020,Luxembourg,0,,1,
06-03-2020,Luxembourg,0,,1,
07-03-2020,Luxembourg,1,,2,
08-03-2020,Luxembourg,0,,2,
09-03-2020,Luxembourg,0,,2,
10-03-2020,Luxembourg,3,,5,
11-03-2020,Luxembourg,0,,5,
26-01-2020,Malaysia,,,3,
27-01-2020,Malaysia,1,,4,
28-01-2020,Malaysia,0,,4,
29-01-2020,Malaysia,0,,4,
30-01-2020,Malaysia,3,,7,
31-01-2020,Malaysia,1,,8,
01-02-2020,Malaysia,0,,8,
02-02-2020,Malaysia,0,,8,
03-02-2020,Malaysia,0,,8,
04-02-2020,Malaysia,2,,10,
05-02-2020,Malaysia,0,,10,
06-02-2020,Malaysia,2,,12,
07-02-2020,Malaysia,2,,14,
08-02-2020,Malaysia,1,,15,
09-02-2020,Malaysia,2,,17,
10-02-2020,Malaysia,1,,18,
11-02-2020,Malaysia,0,,18,
12-02-2020,Malaysia,0,,18,
13-02-2020,Malaysia,0,,18,
14-02-2020,Malaysia,1,,19,
15-02-2020,Malaysia,2,,21,
16-02-2020,Malaysia,1,,22,
17-02-2020,Malaysia,0,,22,
18-02-2020,Malaysia,0,,22,
19-02-2020,Malaysia,0,,22,
20-02-2020,Malaysia,0,,22,
21-02-2020,Malaysia,0,,22,
22-02-2020,Malaysia,0,,22,
23-02-2020,Malaysia,0,,22,
24-02-2020,Malaysia,0,,22,
25-02-2020,Malaysia,0,,22,
26-02-2020,Malaysia,0,,22,
27-02-2020,Malaysia,0,,22,
28-02-2020,Malaysia,2,,24,
29-02-2020,Malaysia,0,,24,
01-03-2020,Malaysia,0,,24,
02-03-2020,Malaysia,0,,24,
03-03-2020,Malaysia,5,,29,
04-03-2020,Malaysia,21,,50,
05-03-2020,Malaysia,0,,50,
06-03-2020,Malaysia,5,,55,
07-03-2020,Malaysia,28,,83,
08-03-2020,Malaysia,10,,93,
09-03-2020,Malaysia,0,,93,
10-03-2020,Malaysia,24,,117,
11-03-2020,Malaysia,12,,129,
08-03-2020,Maldives,,,2,
09-03-2020,Maldives,2,,4,
10-03-2020,Maldives,0,,4,
11-03-2020,Maldives,4,,8,
08-03-2020,Malta,,,3,
09-03-2020,Malta,0,,3,
10-03-2020,Malta,1,,4,
11-03-2020,Malta,0,,4,
08-03-2020,Martinique,,,2,
09-03-2020,Martinique,0,,2,
10-03-2020,Martinique,0,,2,
11-03-2020,Martinique,1,,3,
29-02-2020,Mexico,,,2,
01-03-2020,Mexico,0,,2,
02-03-2020,Mexico,3,,5,
03-03-2020,Mexico,0,,5,
04-03-2020,Mexico,0,,5,
05-03-2020,Mexico,0,,5,
06-03-2020,Mexico,0,,5,
07-03-2020,Mexico,0,,5,
08-03-2020,Mexico,2,,7,
09-03-2020,Mexico,0,,7,
10-03-2020,Mexico,0,,7,
11-03-2020,Mexico,0,,7,
01-03-2020,Monaco,,,1,
02-03-2020,Monaco,0,,1,
03-03-2020,Monaco,0,,1,
04-03-2020,Monaco,0,,1,
05-03-2020,Monaco,0,,1,
06-03-2020,Monaco,0,,1,
07-03-2020,Monaco,0,,1,
08-03-2020,Monaco,0,,1,
09-03-2020,Monaco,0,,1,
10-03-2020,Monaco,0,,1,
11-03-2020,Monaco,0,,1,
10-03-2020,Mongolia,,,1,
11-03-2020,Mongolia,0,,1,
03-03-2020,Morocco,,,1,
04-03-2020,Morocco,0,,1,
05-03-2020,Morocco,1,,2,
06-03-2020,Morocco,0,,2,
07-03-2020,Morocco,0,,2,
08-03-2020,Morocco,0,,2,
09-03-2020,Morocco,0,,2,
10-03-2020,Morocco,0,,2,
11-03-2020,Morocco,1,,3,1
25-01-2020,Nepal,,,1,
26-01-2020,Nepal,0,,1,
27-01-2020,Nepal,0,,1,
28-01-2020,Nepal,0,,1,
29-01-2020,Nepal,0,,1,
30-01-2020,Nepal,0,,1,
31-01-2020,Nepal,0,,1,
01-02-2020,Nepal,0,,1,
02-02-2020,Nepal,0,,1,
03-02-2020,Nepal,0,,1,
04-02-2020,Nepal,0,,1,
05-02-2020,Nepal,0,,1,
06-02-2020,Nepal,0,,1,
07-02-2020,Nepal,0,,1,
08-02-2020,Nepal,0,,1,
09-02-2020,Nepal,0,,1,
10-02-2020,Nepal,0,,1,
11-02-2020,Nepal,0,,1,
12-02-2020,Nepal,0,,1,
13-02-2020,Nepal,0,,1,
14-02-2020,Nepal,0,,1,
15-02-2020,Nepal,0,,1,
16-02-2020,Nepal,0,,1,
17-02-2020,Nepal,0,,1,
18-02-2020,Nepal,0,,1,
19-02-2020,Nepal,0,,1,
20-02-2020,Nepal,0,,1,
21-02-2020,Nepal,0,,1,
22-02-2020,Nepal,0,,1,
23-02-2020,Nepal,0,,1,
24-02-2020,Nepal,0,,1,
25-02-2020,Nepal,0,,1,
26-02-2020,Nepal,0,,1,
27-02-2020,Nepal,0,,1,
28-02-2020,Nepal,0,,1,
29-02-2020,Nepal,0,,1,
01-03-2020,Nepal,0,,1,
02-03-2020,Nepal,0,,1,
03-03-2020,Nepal,0,,1,
04-03-2020,Nepal,0,,1,
05-03-2020,Nepal,0,,1,
06-03-2020,Nepal,0,,1,
07-03-2020,Nepal,0,,1,
08-03-2020,Nepal,0,,1,
09-03-2020,Nepal,0,,1,
10-03-2020,Nepal,0,,1,
11-03-2020,Nepal,0,,1,
28-02-2020,Netherlands,,,1,
29-02-2020,Netherlands,1,,2,
01-03-2020,Netherlands,5,,7,
02-03-2020,Netherlands,6,,13,
03-03-2020,Netherlands,5,,18,
04-03-2020,Netherlands,10,,28,
05-03-2020,Netherlands,10,,38,
06-03-2020,Netherlands,44,,82,
07-03-2020,Netherlands,46,,128,1
08-03-2020,Netherlands,60,0,188,1
09-03-2020,Netherlands,77,2,265,3
10-03-2020,Netherlands,56,0,321,3
11-03-2020,Netherlands,61,1,382,4
28-02-2020,New Zealand,,,1,
29-02-2020,New Zealand,0,,1,
01-03-2020,New Zealand,0,,1,
02-03-2020,New Zealand,0,,1,
03-03-2020,New Zealand,1,,2,
04-03-2020,New Zealand,0,,2,
05-03-2020,New Zealand,0,,2,
06-03-2020,New Zealand,2,,4,
07-03-2020,New Zealand,1,,5,
08-03-2020,New Zealand,0,,5,
09-03-2020,New Zealand,0,,5,
10-03-2020,New Zealand,0,,5,
11-03-2020,New Zealand,0,,5,
28-02-2020,Nigeria,,,1,
29-02-2020,Nigeria,0,,1,
01-03-2020,Nigeria,0,,1,
02-03-2020,Nigeria,0,,1,
03-03-2020,Nigeria,0,,1,
04-03-2020,Nigeria,0,,1,
05-03-2020,Nigeria,0,,1,
06-03-2020,Nigeria,0,,1,
07-03-2020,Nigeria,0,,1,
08-03-2020,Nigeria,0,,1,
09-03-2020,Nigeria,1,,2,
10-03-2020,Nigeria,0,,2,
11-03-2020,Nigeria,0,,2,
27-02-2020,North Macedonia,,,1,
28-02-2020,North Macedonia,0,,1,
29-02-2020,North Macedonia,0,,1,
01-03-2020,North Macedonia,0,,1,
02-03-2020,North Macedonia,0,,1,
03-03-2020,North Macedonia,0,,1,
04-03-2020,North Macedonia,0,,1,
05-03-2020,North Macedonia,0,,1,
06-03-2020,North Macedonia,0,,1,
07-03-2020,North Macedonia,2,,3,
08-03-2020,North Macedonia,0,,3,
09-03-2020,North Macedonia,0,,3,
10-03-2020,North Macedonia,4,,7,
11-03-2020,North Macedonia,0,,7,
27-02-2020,Norway,,,1,
28-02-2020,Norway,3,,4,
29-02-2020,Norway,2,,6,
01-03-2020,Norway,9,,15,
02-03-2020,Norway,4,,19,
03-03-2020,Norway,6,,25,
04-03-2020,Norway,7,,32,
05-03-2020,Norway,24,,56,
06-03-2020,Norway,30,,86,
07-03-2020,Norway,27,,113,
08-03-2020,Norway,34,,147,
09-03-2020,Norway,22,,169,
10-03-2020,Norway,23,,192,
11-03-2020,Norway,85,,277,
05-03-2020,Occupied Palestinian Territory,,,4,
06-03-2020,Occupied Palestinian Territory,3,,7,
07-03-2020,Occupied Palestinian Territory,9,,16,
08-03-2020,Occupied Palestinian Territory,0,,16,
09-03-2020,Occupied Palestinian Territory,3,,19,
10-03-2020,Occupied Palestinian Territory,7,,26,
11-03-2020,Occupied Palestinian Territory,4,,30,
25-02-2020,Oman,,,2,
26-02-2020,Oman,2,,4,
27-02-2020,Oman,0,,4,
28-02-2020,Oman,2,,6,
29-02-2020,Oman,0,,6,
01-03-2020,Oman,0,,6,
02-03-2020,Oman,0,,6,
03-03-2020,Oman,0,,6,
04-03-2020,Oman,6,,12,
05-03-2020,Oman,3,,15,
06-03-2020,Oman,1,,16,
07-03-2020,Oman,0,,16,
08-03-2020,Oman,0,,16,
09-03-2020,Oman,0,,16,
10-03-2020,Oman,2,,18,
11-03-2020,Oman,0,,18,
27-02-2020,Pakistan,,,2,
28-02-2020,Pakistan,0,,2,
29-02-2020,Pakistan,0,,2,
01-03-2020,Pakistan,2,,4,
02-03-2020,Pakistan,0,,4,
03-03-2020,Pakistan,1,,5,
04-03-2020,Pakistan,0,,5,
05-03-2020,Pakistan,0,,5,
06-03-2020,Pakistan,0,,5,
07-03-2020,Pakistan,0,,5,
08-03-2020,Pakistan,0,,5,
09-03-2020,Pakistan,1,,6,
10-03-2020,Pakistan,10,,16,
11-03-2020,Pakistan,0,,16,
10-03-2020,Panama,,,1,
11-03-2020,Panama,7,,8,1
09-03-2020,Paraguay,,,1,
10-03-2020,Paraguay,0,,1,
11-03-2020,Paraguay,7,,8,
07-03-2020,Peru,,,1,
08-03-2020,Peru,5,,6,
09-03-2020,Peru,0,,6,
10-03-2020,Peru,3,,9,
11-03-2020,Peru,2,,11,
30-01-2020,Philippines,,,1,
31-01-2020,Philippines,0,,1,
01-02-2020,Philippines,0,,1,
02-02-2020,Philippines,1,,2,1
03-02-2020,Philippines,0,0,2,1
04-02-2020,Philippines,0,0,2,1
05-02-2020,Philippines,1,0,3,1
06-02-2020,Philippines,0,0,3,1
07-02-2020,Philippines,0,0,3,1
08-02-2020,Philippines,0,0,3,1
09-02-2020,Philippines,0,0,3,1
10-02-2020,Philippines,0,0,3,1
11-02-2020,Philippines,0,0,3,1
12-02-2020,Philippines,0,0,3,1
13-02-2020,Philippines,0,0,3,1
14-02-2020,Philippines,0,0,3,1
15-02-2020,Philippines,0,0,3,1
16-02-2020,Philippines,0,0,3,1
17-02-2020,Philippines,0,0,3,1
18-02-2020,Philippines,0,0,3,1
19-02-2020,Philippines,0,0,3,1
20-02-2020,Philippines,0,0,3,1
21-02-2020,Philippines,0,0,3,1
22-02-2020,Philippines,0,0,3,1
23-02-2020,Philippines,0,0,3,1
24-02-2020,Philippines,0,0,3,1
25-02-2020,Philippines,0,0,3,1
26-02-2020,Philippines,0,0,3,1
27-02-2020,Philippines,0,0,3,1
28-02-2020,Philippines,0,0,3,1
29-02-2020,Philippines,0,0,3,1
01-03-2020,Philippines,0,0,3,1
02-03-2020,Philippines,0,0,3,1
03-03-2020,Philippines,0,0,3,1
04-03-2020,Philippines,0,0,3,1
05-03-2020,Philippines,0,0,3,1
06-03-2020,Philippines,2,0,5,1
07-03-2020,Philippines,0,0,5,1
08-03-2020,Philippines,1,0,6,1
09-03-2020,Philippines,4,0,10,1
10-03-2020,Philippines,23,0,33,1
11-03-2020,Philippines,16,0,49,1
04-03-2020,Poland,,,1,
05-03-2020,Poland,0,,1,
06-03-2020,Poland,0,,1,
07-03-2020,Poland,4,,5,
08-03-2020,Poland,1,,6,
09-03-2020,Poland,5,,11,
10-03-2020,Poland,5,,16,
11-03-2020,Poland,6,,22,
03-03-2020,Portugal,,,2,
04-03-2020,Portugal,0,,2,
05-03-2020,Portugal,5,,7,
06-03-2020,Portugal,2,,9,
07-03-2020,Portugal,4,,13,
08-03-2020,Portugal,8,,21,
09-03-2020,Portugal,9,,30,
10-03-2020,Portugal,0,,30,
11-03-2020,Portugal,11,,41,
01-03-2020,Qatar,,,1,
02-03-2020,Qatar,2,,3,
03-03-2020,Qatar,4,,7,
04-03-2020,Qatar,1,,8,
05-03-2020,Qatar,0,,8,
06-03-2020,Qatar,0,,8,
07-03-2020,Qatar,3,,11,
08-03-2020,Qatar,1,,12,
09-03-2020,Qatar,3,,15,
10-03-2020,Qatar,3,,18,
11-03-2020,Qatar,6,,24,
21-01-2020,Republic of Korea,,,1,
22-01-2020,Republic of Korea,0,,1,
23-01-2020,Republic of Korea,0,,1,
24-01-2020,Republic of Korea,1,,2,
25-01-2020,Republic of Korea,0,,2,
26-01-2020,Republic of Korea,0,,2,
27-01-2020,Republic of Korea,2,,4,
28-01-2020,Republic of Korea,0,,4,
29-01-2020,Republic of Korea,0,,4,
30-01-2020,Republic of Korea,0,,4,
31-01-2020,Republic of Korea,7,,11,
01-02-2020,Republic of Korea,1,,12,
02-02-2020,Republic of Korea,3,,15,
03-02-2020,Republic of Korea,0,,15,
04-02-2020,Republic of Korea,1,,16,
05-02-2020,Republic of Korea,2,,18,
06-02-2020,Republic of Korea,5,,23,
07-02-2020,Republic of Korea,1,,24,
08-02-2020,Republic of Korea,0,,24,
09-02-2020,Republic of Korea,3,,27,
10-02-2020,Republic of Korea,0,,27,
11-02-2020,Republic of Korea,1,,28,
12-02-2020,Republic of Korea,0,,28,
13-02-2020,Republic of Korea,0,,28,
14-02-2020,Republic of Korea,0,,28,
15-02-2020,Republic of Korea,0,,28,
16-02-2020,Republic of Korea,1,,29,
17-02-2020,Republic of Korea,1,,30,
18-02-2020,Republic of Korea,1,,31,
19-02-2020,Republic of Korea,20,,51,
20-02-2020,Republic of Korea,53,,104,1
21-02-2020,Republic of Korea,100,0,204,1
22-02-2020,Republic of Korea,142,1,346,2
23-02-2020,Republic of Korea,256,3,602,5
24-02-2020,Republic of Korea,161,2,763,7
25-02-2020,Republic of Korea,214,3,977,10
26-02-2020,Republic of Korea,284,2,1261,12
27-02-2020,Republic of Korea,505,1,1766,13
28-02-2020,Republic of Korea,571,0,2337,13
29-02-2020,Republic of Korea,813,4,3150,17
01-03-2020,Republic of Korea,586,1,3736,18
02-03-2020,Republic of Korea,476,4,4212,22
03-03-2020,Republic of Korea,600,6,4812,28
04-03-2020,Republic of Korea,516,4,5328,32
05-03-2020,Republic of Korea,438,3,5766,35
06-03-2020,Republic of Korea,518,7,6284,42
07-03-2020,Republic of Korea,483,2,6767,44
08-03-2020,Republic of Korea,367,6,7134,50
09-03-2020,Republic of Korea,248,1,7382,51
10-03-2020,Republic of Korea,131,3,7513,54
11-03-2020,Republic of Korea,242,6,7755,60
08-03-2020,Republic of Moldova,,,1,
09-03-2020,Republic of Moldova,0,,1,
10-03-2020,Republic of Moldova,0,,1,
11-03-2020,Republic of Moldova,2,,3,
27-02-2020,Romania,,,1,
28-02-2020,Romania,0,,1,
29-02-2020,Romania,2,,3,
01-03-2020,Romania,0,,3,
02-03-2020,Romania,0,,3,
03-03-2020,Romania,0,,3,
04-03-2020,Romania,1,,4,
05-03-2020,Romania,0,,4,
06-03-2020,Romania,2,,6,
07-03-2020,Romania,1,,7,
08-03-2020,Romania,6,,13,
09-03-2020,Romania,2,,15,
10-03-2020,Romania,0,,15,
11-03-2020,Romania,10,,25,
01-02-2020,Russian Federation,,,2,
02-02-2020,Russian Federation,0,,2,
03-02-2020,Russian Federation,0,,2,
04-02-2020,Russian Federation,0,,2,
05-02-2020,Russian Federation,0,,2,
06-02-2020,Russian Federation,0,,2,
07-02-2020,Russian Federation,0,,2,
08-02-2020,Russian Federation,0,,2,
09-02-2020,Russian Federation,0,,2,
10-02-2020,Russian Federation,0,,2,
11-02-2020,Russian Federation,0,,2,
12-02-2020,Russian Federation,0,,2,
13-02-2020,Russian Federation,0,,2,
14-02-2020,Russian Federation,0,,2,
15-02-2020,Russian Federation,0,,2,
16-02-2020,Russian Federation,0,,2,
17-02-2020,Russian Federation,0,,2,
18-02-2020,Russian Federation,0,,2,
19-02-2020,Russian Federation,0,,2,
20-02-2020,Russian Federation,0,,2,
21-02-2020,Russian Federation,0,,2,
22-02-2020,Russian Federation,0,,2,
23-02-2020,Russian Federation,0,,2,
24-02-2020,Russian Federation,0,,2,
25-02-2020,Russian Federation,0,,2,
26-02-2020,Russian Federation,0,,2,
27-02-2020,Russian Federation,0,,2,
28-02-2020,Russian Federation,0,,2,
29-02-2020,Russian Federation,0,,2,
01-03-2020,Russian Federation,0,,2,
02-03-2020,Russian Federation,0,,2,
03-03-2020,Russian Federation,1,,3,
04-03-2020,Russian Federation,0,,3,
05-03-2020,Russian Federation,0,,3,
06-03-2020,Russian Federation,1,,4,
07-03-2020,Russian Federation,3,,7,
08-03-2020,Russian Federation,0,,7,
09-03-2020,Russian Federation,0,,7,
10-03-2020,Russian Federation,0,,7,
11-03-2020,Russian Federation,0,,7,
05-03-2020,Saint Barthélemy,,,1,
06-03-2020,Saint Barthélemy,0,,1,
07-03-2020,Saint Barthélemy,0,,1,
08-03-2020,Saint Barthélemy,0,,1,
09-03-2020,Saint Barthélemy,0,,1,
10-03-2020,Saint Barthélemy,0,,1,
11-03-2020,Saint Barthélemy,0,,1,
05-03-2020,Saint Martin,,,2,
06-03-2020,Saint Martin,0,,2,
07-03-2020,Saint Martin,0,,2,
08-03-2020,Saint Martin,0,,2,
09-03-2020,Saint Martin,0,,2,
10-03-2020,Saint Martin,0,,2,
11-03-2020,Saint Martin,0,,2,
29-02-2020,San Marino,,,1,
01-03-2020,San Marino,0,,1,
02-03-2020,San Marino,0,,1,
03-03-2020,San Marino,7,,8,
04-03-2020,San Marino,0,,8,
05-03-2020,San Marino,8,,16,
06-03-2020,San Marino,5,,21,
07-03-2020,San Marino,3,,24,
08-03-2020,San Marino,3,,27,1
09-03-2020,San Marino,10,0,37,1
10-03-2020,San Marino,12,1,49,2
11-03-2020,San Marino,14,0,63,2
03-03-2020,Saudi Arabia,,,1,
04-03-2020,Saudi Arabia,0,,1,
05-03-2020,Saudi Arabia,1,,2,
06-03-2020,Saudi Arabia,6,,8,
07-03-2020,Saudi Arabia,0,,8,
08-03-2020,Saudi Arabia,3,,11,
09-03-2020,Saudi Arabia,4,,15,
10-03-2020,Saudi Arabia,0,,15,
11-03-2020,Saudi Arabia,5,,20,
03-03-2020,Senegal,,,1,
04-03-2020,Senegal,0,,1,
05-03-2020,Senegal,3,,4,
06-03-2020,Senegal,0,,4,
07-03-2020,Senegal,0,,4,
08-03-2020,Senegal,0,,4,
09-03-2020,Senegal,0,,4,
10-03-2020,Senegal,0,,4,
11-03-2020,Senegal,0,,4,
06-03-2020,Serbia,,,1,
07-03-2020,Serbia,0,,1,
08-03-2020,Serbia,0,,1,
09-03-2020,Serbia,0,,1,
10-03-2020,Serbia,0,,1,
11-03-2020,Serbia,11,,12,
24-01-2020,Singapore,,,1,
25-01-2020,Singapore,2,,3,
26-01-2020,Singapore,1,,4,
27-01-2020,Singapore,0,,4,
28-01-2020,Singapore,3,,7,
29-01-2020,Singapore,0,,7,
30-01-2020,Singapore,3,,10,
31-01-2020,Singapore,3,,13,
01-02-2020,Singapore,3,,16,
02-02-2020,Singapore,2,,18,
03-02-2020,Singapore,0,,18,
04-02-2020,Singapore,0,,18,
05-02-2020,Singapore,6,,24,
06-02-2020,Singapore,4,,28,
07-02-2020,Singapore,2,,30,
08-02-2020,Singapore,3,,33,
09-02-2020,Singapore,7,,40,
10-02-2020,Singapore,3,,43,
11-02-2020,Singapore,2,,45,
12-02-2020,Singapore,2,,47,
13-02-2020,Singapore,3,,50,
14-02-2020,Singapore,8,,58,
15-02-2020,Singapore,9,,67,
16-02-2020,Singapore,5,,72,
17-02-2020,Singapore,3,,75,
18-02-2020,Singapore,2,,77,
19-02-2020,Singapore,4,,81,
20-02-2020,Singapore,3,,84,
21-02-2020,Singapore,1,,85,
22-02-2020,Singapore,1,,86,
23-02-2020,Singapore,3,,89,
24-02-2020,Singapore,0,,89,
25-02-2020,Singapore,1,,90,
26-02-2020,Singapore,1,,91,
27-02-2020,Singapore,2,,93,
28-02-2020,Singapore,3,,96,
29-02-2020,Singapore,2,,98,
01-03-2020,Singapore,4,,102,
02-03-2020,Singapore,4,,106,
03-03-2020,Singapore,2,,108,
04-03-2020,Singapore,2,,110,
05-03-2020,Singapore,0,,110,
06-03-2020,Singapore,7,,117,
07-03-2020,Singapore,13,,130,
08-03-2020,Singapore,8,,138,
09-03-2020,Singapore,12,,150,
10-03-2020,Singapore,10,,160,
11-03-2020,Singapore,6,,166,
07-03-2020,Slovakia,,,1,
08-03-2020,Slovakia,2,,3,
09-03-2020,Slovakia,2,,5,
10-03-2020,Slovakia,2,,7,
11-03-2020,Slovakia,0,,7,
05-03-2020,Slovenia,,,1,
06-03-2020,Slovenia,5,,6,
07-03-2020,Slovenia,3,,9,
08-03-2020,Slovenia,3,,12,
09-03-2020,Slovenia,4,,16,
10-03-2020,Slovenia,7,,23,
11-03-2020,Slovenia,8,,31,
06-03-2020,South Africa,,,1,
07-03-2020,South Africa,0,,1,
08-03-2020,South Africa,1,,2,
09-03-2020,South Africa,1,,3,
10-03-2020,South Africa,4,,7,
11-03-2020,South Africa,0,,7,
01-02-2020,Spain,,,1,
02-02-2020,Spain,0,,1,
03-02-2020,Spain,0,,1,
04-02-2020,Spain,0,,1,
05-02-2020,Spain,0,,1,
06-02-2020,Spain,0,,1,
07-02-2020,Spain,0,,1,
08-02-2020,Spain,0,,1,
09-02-2020,Spain,0,,1,
10-02-2020,Spain,1,,2,
11-02-2020,Spain,0,,2,
12-02-2020,Spain,0,,2,
13-02-2020,Spain,0,,2,
14-02-2020,Spain,0,,2,
15-02-2020,Spain,0,,2,
16-02-2020,Spain,0,,2,
17-02-2020,Spain,0,,2,
18-02-2020,Spain,0,,2,
19-02-2020,Spain,0,,2,
20-02-2020,Spain,0,,2,
21-02-2020,Spain,0,,2,
22-02-2020,Spain,0,,2,
23-02-2020,Spain,0,,2,
24-02-2020,Spain,0,,2,
25-02-2020,Spain,0,,2,
26-02-2020,Spain,0,,2,
27-02-2020,Spain,10,,12,
28-02-2020,Spain,13,,25,
29-02-2020,Spain,7,,32,
01-03-2020,Spain,13,,45,
02-03-2020,Spain,0,,45,
03-03-2020,Spain,69,,114,
04-03-2020,Spain,37,,151,
05-03-2020,Spain,47,,198,1
06-03-2020,Spain,59,2,257,3
07-03-2020,Spain,117,2,374,5
08-03-2020,Spain,56,0,430,5
09-03-2020,Spain,159,5,589,10
10-03-2020,Spain,435,18,1024,28
11-03-2020,Spain,615,8,1639,36
28-01-2020,Sri Lanka,,,1,
29-01-2020,Sri Lanka,0,,1,
30-01-2020,Sri Lanka,0,,1,
31-01-2020,Sri Lanka,0,,1,
01-02-2020,Sri Lanka,0,,1,
02-02-2020,Sri Lanka,0,,1,
03-02-2020,Sri Lanka,0,,1,
04-02-2020,Sri Lanka,0,,1,
05-02-2020,Sri Lanka,0,,1,
06-02-2020,Sri Lanka,0,,1,
07-02-2020,Sri Lanka,0,,1,
08-02-2020,Sri Lanka,0,,1,
09-02-2020,Sri Lanka,0,,1,
10-02-2020,Sri Lanka,0,,1,
11-02-2020,Sri Lanka,0,,1,
12-02-2020,Sri Lanka,0,,1,
13-02-2020,Sri Lanka,0,,1,
14-02-2020,Sri Lanka,0,,1,
15-02-2020,Sri Lanka,0,,1,
16-02-2020,Sri Lanka,0,,1,
17-02-2020,Sri Lanka,0,,1,
18-02-2020,Sri Lanka,0,,1,
19-02-2020,Sri Lanka,0,,1,
20-02-2020,Sri Lanka,0,,1,
21-02-2020,Sri Lanka,0,,1,
22-02-2020,Sri Lanka,0,,1,
23-02-2020,Sri Lanka,0,,1,
24-02-2020,Sri Lanka,0,,1,
25-02-2020,Sri Lanka,0,,1,
26-02-2020,Sri Lanka,0,,1,
27-02-2020,Sri Lanka,0,,1,
28-02-2020,Sri Lanka,0,,1,
29-02-2020,Sri Lanka,0,,1,
01-03-2020,Sri Lanka,0,,1,
02-03-2020,Sri Lanka,0,,1,
03-03-2020,Sri Lanka,0,,1,
04-03-2020,Sri Lanka,0,,1,
05-03-2020,Sri Lanka,0,,1,
06-03-2020,Sri Lanka,0,,1,
07-03-2020,Sri Lanka,0,,1,
08-03-2020,Sri Lanka,0,,1,
09-03-2020,Sri Lanka,0,,1,
10-03-2020,Sri Lanka,0,,1,
11-03-2020,Sri Lanka,0,,1,
01-02-2020,Sweden,,,1,
02-02-2020,Sweden,0,,1,
03-02-2020,Sweden,0,,1,
04-02-2020,Sweden,0,,1,
05-02-2020,Sweden,0,,1,
06-02-2020,Sweden,0,,1,
07-02-2020,Sweden,0,,1,
08-02-2020,Sweden,0,,1,
09-02-2020,Sweden,0,,1,
10-02-2020,Sweden,0,,1,
11-02-2020,Sweden,0,,1,
12-02-2020,Sweden,0,,1,
13-02-2020,Sweden,0,,1,
14-02-2020,Sweden,0,,1,
15-02-2020,Sweden,0,,1,
16-02-2020,Sweden,0,,1,
17-02-2020,Sweden,0,,1,
18-02-2020,Sweden,0,,1,
19-02-2020,Sweden,0,,1,
20-02-2020,Sweden,0,,1,
21-02-2020,Sweden,0,,1,
22-02-2020,Sweden,0,,1,
23-02-2020,Sweden,0,,1,
24-02-2020,Sweden,0,,1,
25-02-2020,Sweden,0,,1,
26-02-2020,Sweden,0,,1,
27-02-2020,Sweden,1,,2,
28-02-2020,Sweden,5,,7,
29-02-2020,Sweden,5,,12,
01-03-2020,Sweden,1,,13,
02-03-2020,Sweden,1,,14,
03-03-2020,Sweden,1,,15,
04-03-2020,Sweden,9,,24,
05-03-2020,Sweden,11,,35,
06-03-2020,Sweden,26,,61,
07-03-2020,Sweden,76,,137,
08-03-2020,Sweden,24,,161,
09-03-2020,Sweden,42,,203,
10-03-2020,Sweden,45,,248,
11-03-2020,Sweden,78,,326,
26-02-2020,Switzerland,,,1,
27-02-2020,Switzerland,0,,1,
28-02-2020,Switzerland,5,,6,
29-02-2020,Switzerland,4,,10,
01-03-2020,Switzerland,8,,18,
02-03-2020,Switzerland,6,,24,
03-03-2020,Switzerland,6,,30,
04-03-2020,Switzerland,7,,37,
05-03-2020,Switzerland,19,,56,
06-03-2020,Switzerland,30,,86,1
07-03-2020,Switzerland,123,0,209,1
08-03-2020,Switzerland,55,1,264,2
09-03-2020,Switzerland,68,0,332,2
10-03-2020,Switzerland,0,0,332,2
11-03-2020,Switzerland,159,1,491,3
21-01-2020,Thailand,,,2,
22-01-2020,Thailand,0,,2,
23-01-2020,Thailand,2,,4,
24-01-2020,Thailand,0,,4,
25-01-2020,Thailand,0,,4,
26-01-2020,Thailand,1,,5,
27-01-2020,Thailand,0,,5,
28-01-2020,Thailand,9,,14,
29-01-2020,Thailand,0,,14,
30-01-2020,Thailand,0,,14,
31-01-2020,Thailand,0,,14,
01-02-2020,Thailand,5,,19,
02-02-2020,Thailand,0,,19,
03-02-2020,Thailand,0,,19,
04-02-2020,Thailand,0,,19,
05-02-2020,Thailand,6,,25,
06-02-2020,Thailand,0,,25,
07-02-2020,Thailand,0,,25,
08-02-2020,Thailand,7,,32,
09-02-2020,Thailand,0,,32,
10-02-2020,Thailand,0,,32,
11-02-2020,Thailand,1,,33,
12-02-2020,Thailand,0,,33,
13-02-2020,Thailand,0,,33,
14-02-2020,Thailand,0,,33,
15-02-2020,Thailand,1,,34,
16-02-2020,Thailand,0,,34,
17-02-2020,Thailand,1,,35,
18-02-2020,Thailand,0,,35,
19-02-2020,Thailand,0,,35,
20-02-2020,Thailand,0,,35,
21-02-2020,Thailand,0,,35,
22-02-2020,Thailand,0,,35,
23-02-2020,Thailand,0,,35,
24-02-2020,Thailand,0,,35,
25-02-2020,Thailand,2,,37,
26-02-2020,Thailand,3,,40,
27-02-2020,Thailand,0,,40,
28-02-2020,Thailand,0,,40,
29-02-2020,Thailand,2,,42,
01-03-2020,Thailand,0,,42,
02-03-2020,Thailand,0,,42,1
03-03-2020,Thailand,1,0,43,1
04-03-2020,Thailand,0,0,43,1
05-03-2020,Thailand,4,0,47,1
06-03-2020,Thailand,0,0,47,1
07-03-2020,Thailand,1,0,48,1
08-03-2020,Thailand,2,0,50,1
09-03-2020,Thailand,0,0,50,1
10-03-2020,Thailand,3,0,53,1
11-03-2020,Thailand,6,0,59,1
01-02-2020,The United Kingdom,,,2,
02-02-2020,The United Kingdom,0,,2,
03-02-2020,The United Kingdom,0,,2,
04-02-2020,The United Kingdom,0,,2,
05-02-2020,The United Kingdom,0,,2,
06-02-2020,The United Kingdom,0,,2,
07-02-2020,The United Kingdom,1,,3,
08-02-2020,The United Kingdom,0,,3,
09-02-2020,The United Kingdom,0,,3,
10-02-2020,The United Kingdom,1,,4,
11-02-2020,The United Kingdom,4,,8,
12-02-2020,The United Kingdom,0,,8,
13-02-2020,The United Kingdom,1,,9,
14-02-2020,The United Kingdom,0,,9,
15-02-2020,The United Kingdom,0,,9,
16-02-2020,The United Kingdom,0,,9,
17-02-2020,The United Kingdom,0,,9,
18-02-2020,The United Kingdom,0,,9,
19-02-2020,The United Kingdom,0,,9,
20-02-2020,The United Kingdom,0,,9,
21-02-2020,The United Kingdom,0,,9,
22-02-2020,The United Kingdom,0,,9,
23-02-2020,The United Kingdom,0,,9,
24-02-2020,The United Kingdom,0,,9,
25-02-2020,The United Kingdom,4,,13,
26-02-2020,The United Kingdom,0,,13,
27-02-2020,The United Kingdom,0,,13,
28-02-2020,The United Kingdom,3,,16,
29-02-2020,The United Kingdom,4,,20,
01-03-2020,The United Kingdom,3,,23,
02-03-2020,The United Kingdom,13,,36,
03-03-2020,The United Kingdom,3,,39,
04-03-2020,The United Kingdom,12,,51,
05-03-2020,The United Kingdom,38,,89,
06-03-2020,The United Kingdom,29,,118,
07-03-2020,The United Kingdom,49,,167,1
08-03-2020,The United Kingdom,43,1,210,2
09-03-2020,The United Kingdom,67,0,277,2
10-03-2020,The United Kingdom,46,1,323,3
11-03-2020,The United Kingdom,50,3,373,6
07-03-2020,Togo,,,1,
08-03-2020,Togo,0,,1,
09-03-2020,Togo,0,,1,
10-03-2020,Togo,0,,1,
11-03-2020,Togo,0,,1,
03-03-2020,Tunisia,,,1,
04-03-2020,Tunisia,0,,1,
05-03-2020,Tunisia,0,,1,
06-03-2020,Tunisia,0,,1,
07-03-2020,Tunisia,0,,1,
08-03-2020,Tunisia,0,,1,
09-03-2020,Tunisia,1,,2,
10-03-2020,Tunisia,0,,2,
11-03-2020,Tunisia,4,,6,
04-03-2020,Ukraine,,,1,
05-03-2020,Ukraine,0,,1,
06-03-2020,Ukraine,0,,1,
07-03-2020,Ukraine,0,,1,
08-03-2020,Ukraine,0,,1,
09-03-2020,Ukraine,0,,1,
10-03-2020,Ukraine,0,,1,
11-03-2020,Ukraine,0,,1,
29-01-2020,United Arab Emirates,,,4,
30-01-2020,United Arab Emirates,0,,4,
31-01-2020,United Arab Emirates,0,,4,
01-02-2020,United Arab Emirates,0,,4,
02-02-2020,United Arab Emirates,1,,5,
03-02-2020,United Arab Emirates,0,,5,
04-02-2020,United Arab Emirates,0,,5,
05-02-2020,United Arab Emirates,0,,5,
06-02-2020,United Arab Emirates,0,,5,
07-02-2020,United Arab Emirates,0,,5,
08-02-2020,United Arab Emirates,2,,7,
09-02-2020,United Arab Emirates,0,,7,
10-02-2020,United Arab Emirates,0,,7,
11-02-2020,United Arab Emirates,1,,8,
12-02-2020,United Arab Emirates,0,,8,
13-02-2020,United Arab Emirates,0,,8,
14-02-2020,United Arab Emirates,0,,8,
15-02-2020,United Arab Emirates,0,,8,
16-02-2020,United Arab Emirates,0,,8,
17-02-2020,United Arab Emirates,1,,9,
18-02-2020,United Arab Emirates,0,,9,
19-02-2020,United Arab Emirates,0,,9,
20-02-2020,United Arab Emirates,0,,9,
21-02-2020,United Arab Emirates,0,,9,
22-02-2020,United Arab Emirates,2,,11,
23-02-2020,United Arab Emirates,2,,13,
24-02-2020,United Arab Emirates,0,,13,
25-02-2020,United Arab Emirates,0,,13,
26-02-2020,United Arab Emirates,0,,13,
27-02-2020,United Arab Emirates,0,,13,
28-02-2020,United Arab Emirates,6,,19,
29-02-2020,United Arab Emirates,0,,19,
01-03-2020,United Arab Emirates,0,,19,
02-03-2020,United Arab Emirates,2,,21,
03-03-2020,United Arab Emirates,0,,21,
04-03-2020,United Arab Emirates,6,,27,
05-03-2020,United Arab Emirates,0,,27,
06-03-2020,United Arab Emirates,0,,27,
07-03-2020,United Arab Emirates,18,,45,
08-03-2020,United Arab Emirates,0,,45,
09-03-2020,United Arab Emirates,0,,45,
10-03-2020,United Arab Emirates,14,,59,
11-03-2020,United Arab Emirates,15,,74,
23-01-2020,United States of America,,,1,
24-01-2020,United States of America,0,,1,
25-01-2020,United States of America,1,,2,
26-01-2020,United States of America,0,,2,
27-01-2020,United States of America,3,,5,
28-01-2020,United States of America,0,,5,
29-01-2020,United States of America,0,,5,
30-01-2020,United States of America,0,,5,
31-01-2020,United States of America,1,,6,
01-02-2020,United States of America,1,,7,
02-02-2020,United States of America,1,,8,
03-02-2020,United States of America,3,,11,
04-02-2020,United States of America,0,,11,
05-02-2020,United States of America,0,,11,
06-02-2020,United States of America,1,,12,
07-02-2020,United States of America,0,,12,
08-02-2020,United States of America,0,,12,
09-02-2020,United States of America,0,,12,
10-02-2020,United States of America,0,,12,
11-02-2020,United States of America,1,,13,
12-02-2020,United States of America,0,,13,
13-02-2020,United States of America,1,,14,
14-02-2020,United States of America,1,,15,
15-02-2020,United States of America,0,,15,
16-02-2020,United States of America,0,,15,
17-02-2020,United States of America,0,,15,
18-02-2020,United States of America,0,,15,
19-02-2020,United States of America,0,,15,
20-02-2020,United States of America,0,,15,
21-02-2020,United States of America,0,,15,
22-02-2020,United States of America,20,,35,
23-02-2020,United States of America,0,,35,
24-02-2020,United States of America,0,,35,
25-02-2020,United States of America,18,,53,
26-02-2020,United States of America,0,,53,
27-02-2020,United States of America,6,,59,
28-02-2020,United States of America,0,,59,
29-02-2020,United States of America,3,,62,
01-03-2020,United States of America,0,,62,
02-03-2020,United States of America,0,,62,
03-03-2020,United States of America,2,,64,2
04-03-2020,United States of America,44,4,108,6
05-03-2020,United States of America,21,3,129,9
06-03-2020,United States of America,19,1,148,10
07-03-2020,United States of America,65,1,213,11
08-03-2020,United States of America,0,0,213,11
09-03-2020,United States of America,0,0,213,11
10-03-2020,United States of America,259,8,472,19
11-03-2020,United States of America,224,6,696,25
24-01-2020,Viet Nam,,,2,
25-01-2020,Viet Nam,0,,2,
26-01-2020,Viet Nam,0,,2,
27-01-2020,Viet Nam,0,,2,
28-01-2020,Viet Nam,0,,2,
29-01-2020,Viet Nam,0,,2,
30-01-2020,Viet Nam,0,,2,
31-01-2020,Viet Nam,3,,5,
01-02-2020,Viet Nam,1,,6,
02-02-2020,Viet Nam,1,,7,
03-02-2020,Viet Nam,1,,8,
04-02-2020,Viet Nam,1,,9,
05-02-2020,Viet Nam,1,,10,
06-02-2020,Viet Nam,0,,10,
07-02-2020,Viet Nam,2,,12,
08-02-2020,Viet Nam,1,,13,
09-02-2020,Viet Nam,1,,14,
10-02-2020,Viet Nam,0,,14,
11-02-2020,Viet Nam,1,,15,
12-02-2020,Viet Nam,0,,15,
13-02-2020,Viet Nam,1,,16,
14-02-2020,Viet Nam,0,,16,
15-02-2020,Viet Nam,0,,16,
16-02-2020,Viet Nam,0,,16,
17-02-2020,Viet Nam,0,,16,
18-02-2020,Viet Nam,0,,16,
19-02-2020,Viet Nam,0,,16,
20-02-2020,Viet Nam,0,,16,
21-02-2020,Viet Nam,0,,16,
22-02-2020,Viet Nam,0,,16,
23-02-2020,Viet Nam,0,,16,
24-02-2020,Viet Nam,0,,16,
25-02-2020,Viet Nam,0,,16,
26-02-2020,Viet Nam,0,,16,
27-02-2020,Viet Nam,0,,16,
28-02-2020,Viet Nam,0,,16,
29-02-2020,Viet Nam,0,,16,
01-03-2020,Viet Nam,0,,16,
02-03-2020,Viet Nam,0,,16,
03-03-2020,Viet Nam,0,,16,
04-03-2020,Viet Nam,0,,16,
05-03-2020,Viet Nam,0,,16,
06-03-2020,Viet Nam,0,,16,
07-03-2020,Viet Nam,1,,17,
08-03-2020,Viet Nam,4,,21,
09-03-2020,Viet Nam,9,,30,
10-03-2020,Viet Nam,1,,31,
11-03-2020,Viet Nam,4,,35,
